==3571== NVPROF is profiling process 3571, command: python stemdl_run.py,,,,,,
==3571== Profiling application: python stemdl_run.py,,,,,,,
==3571== Profiling result:,,,,,,,
==3571== Metric result:,,,,,,,
Device,Kernel,Invocations,Metric Name,Metric Description,Min,Max,Avg
Tesla V100-DGXS-16GB (0),"void Eigen::internal::EigenMetaKernel<Eigen::TensorEvaluator<Eigen::TensorAssignOp<Eigen::TensorMap<Eigen::Tensor<float, int=1, int=1, int>, int=16, Eigen::MakePointer>, Eigen::TensorCwiseUnaryOp<Eigen::internal::scalar_right<float, float, Eigen::internal::scalar_product_op<float, float>>, Eigen::TensorMap<Eigen::Tensor<float const , int=1, int=1, int>, int=16, Eigen::MakePointer> const > const > const , Eigen::GpuDevice>, int>(float, int=1)",487,flop_count_sp,Floating Point Operations(Single Precision),1,18432000,258362
Tesla V100-DGXS-16GB (0),"void flip_filter<float, float>(float*, float const *, int, int, int, int)",204,flop_count_sp,Floating Point Operations(Single Precision),0,0,0
Tesla V100-DGXS-16GB (0),"void cudnn::winograd_nonfused::winogradWgradDelta4x4<float, float>(cudnn::winograd_nonfused::WinogradDeltaParams<float, float>)",76,flop_count_sp,Floating Point Operations(Single Precision),40632320,325058560,135797490
Tesla V100-DGXS-16GB (0),"void Eigen::internal::EigenMetaKernel<Eigen::TensorEvaluator<Eigen::TensorAssignOp<Eigen::TensorMap<Eigen::Tensor<float, int=1, int=1, int>, int=16, Eigen::MakePointer>, Eigen::TensorCwiseUnaryOp<Eigen::internal::scalar_right<float, float, Eigen::internal::scalar_binary_pow_op_google<float, float>>, Eigen::TensorMap<Eigen::Tensor<float const , int=1, int=1, int>, int=16, Eigen::MakePointer> const > const > const , Eigen::GpuDevice>, int>(float, int=1)",4,flop_count_sp,Floating Point Operations(Single Precision),60,60,60
Tesla V100-DGXS-16GB (0),"void pooling_bw_kernel_max_nchw_fully_packed_small<float, float, int=2, cudnnNanPropagation_t=0>(cudnnTensorStruct, float const *, cudnnTensorStruct, float const *, cudnnTensorStruct, float const *, cudnnTensorStruct, float*, cudnnPoolingStruct, float, float, cudnn::reduced_divisor, cudnn::reduced_divisor)",2,flop_count_sp,Floating Point Operations(Single Precision),19429043,19474851,19451947
Tesla V100-DGXS-16GB (0),"void cudnn::winograd_nonfused::winogradWgradData4x4<float, float>(cudnn::winograd_nonfused::WinogradDataParams<float, float>)",76,flop_count_sp,Floating Point Operations(Single Precision),64487424,515899392,215523759
Tesla V100-DGXS-16GB (0),"void Eigen::internal::EigenMetaKernel<Eigen::TensorEvaluator<Eigen::TensorAssignOp<Eigen::TensorMap<Eigen::Tensor<float, int=1, int=1, int>, int=16, Eigen::MakePointer>, Eigen::TensorCwiseBinaryOp<Eigen::internal::scalar_difference_op<float, float>, Eigen::TensorMap<Eigen::Tensor<float const , int=1, int=1, int>, int=16, Eigen::MakePointer> const , Eigen::TensorMap<Eigen::Tensor<float const , int=1, int=1, long>, int=16, Eigen::MakePointer> const > const > const , Eigen::GpuDevice>, long>(float, int=1)",196,flop_count_sp,Floating Point Operations(Single Precision),64,2048,442
Tesla V100-DGXS-16GB (0),"void cudnn::detail::explicit_convolve_sgemm<float, int, int=1024, int=5, int=5, int=3, int=3, int=3, int=0, bool=1>(int, int, int, float const *, int, float const , int, cudnn::detail::explicit_convolve_sgemm<float, int, int=1024, int=5, int=5, int=3, int=3, int=3, int=0, bool=1>*, kernel_conv_params, int, int, float, float, int, float const *, float const *)",6,flop_count_sp,Floating Point Operations(Single Precision),4328521728,4328521728,4328521728
Tesla V100-DGXS-16GB (0),cudnn::gemm::computeBOffsetsKernel(cudnn::gemm::ComputeBOffsetsParams),229,flop_count_sp,Floating Point Operations(Single Precision),0,0,0
Tesla V100-DGXS-16GB (0),volta_scudnn_128x128_stridedB_splitK_small_nn_v1,56,flop_count_sp,Floating Point Operations(Single Precision),38711328768,38767951872,38727506797
Tesla V100-DGXS-16GB (0),"void cudnn::detail::wgrad_alg0_engine<float, int=512, int=6, int=5, int=3, int=3, int=3, bool=1, int=512>(int, int, int, float const *, int, cudnn::detail::wgrad_alg0_engine<float, int=512, int=6, int=5, int=3, int=3, int=3, bool=1, int=512>*, float const , kernel_grad_params, int, float, int, int, int, int)",34,flop_count_sp,Floating Point Operations(Single Precision),4299161600,38692454400,25036294023
Tesla V100-DGXS-16GB (0),cudnn::gemm::computeWgradBOffsetsKernel(cudnn::gemm::ComputeBOffsetsParams),314,flop_count_sp,Floating Point Operations(Single Precision),0,0,0
Tesla V100-DGXS-16GB (0),"void DSE::vector_fft<int=1, int=2, int=128, int=8, int=8, int=1, float, float, float2>(float2*, float2, int, int3, float2*)",104,flop_count_sp,Floating Point Operations(Single Precision),617676800,4941414400,2185625600
Tesla V100-DGXS-16GB (0),"void scalePackedTensor_kernel<float, float>(cudnnTensor4dStruct, float*, float)",513,flop_count_sp,Floating Point Operations(Single Precision),0,0,0
Tesla V100-DGXS-16GB (0),volta_sgemm_128x128_nn,24,flop_count_sp,Floating Point Operations(Single Precision),9701425152,19478347776,14589886464
Tesla V100-DGXS-16GB (0),"void Eigen::internal::EigenMetaKernel<Eigen::TensorEvaluator<Eigen::TensorAssignOp<Eigen::TensorMap<Eigen::Tensor<float, int=1, int=1, int>, int=16, Eigen::MakePointer>, Eigen::TensorCwiseUnaryOp<Eigen::internal::scalar_right<float, float, Eigen::internal::scalar_difference_op<float, float>>, Eigen::TensorMap<Eigen::Tensor<float const , int=1, int=1, int>, int=16, Eigen::MakePointer> const > const > const , Eigen::GpuDevice>, int>(float, int=1)",4,flop_count_sp,Floating Point Operations(Single Precision),1,1,1
Tesla V100-DGXS-16GB (0),volta_scudnn_128x128_stridedB_splitK_interior_nn_v1,178,flop_count_sp,Floating Point Operations(Single Precision),8596226048,34460401664,20009940462
Tesla V100-DGXS-16GB (0),volta_sgemm_128x128_nt,52,flop_count_sp,Floating Point Operations(Single Precision),1226833920,38655295488,19426965031
Tesla V100-DGXS-16GB (0),"void pointwise_mult_and_sum_complex<float2, int=8, int=4>(float2*, float2*, float2*, int, int, int, int, int, float2)",120,flop_count_sp,Floating Point Operations(Single Precision),8758231040,35502686208,32201961198
Tesla V100-DGXS-16GB (0),volta_scudnn_128x128_stridedB_splitK_medium_nn_v1,16,flop_count_sp,Floating Point Operations(Single Precision),38683017216,38683017216,38683017216
Tesla V100-DGXS-16GB (0),"void cudnn::detail::pooling_fw_4d_kernel<float, float, cudnn::detail::averpooling_func<float>, int=2, bool=0>(cudnnTensorStruct, float const *, cudnn::detail::pooling_fw_4d_kernel<float, float, cudnn::detail::averpooling_func<float>, int=2, bool=0>, cudnnTensorStruct*, cudnnPoolingStruct, float, cudnnPoolingStruct, int, cudnn::reduced_divisor, float)",2,flop_count_sp,Floating Point Operations(Single Precision),29753344,29753344,29753344
Tesla V100-DGXS-16GB (0),"void tensorflow::functor::PadInputCustomKernelNCHW<float, int=4>(int, float const *, tensorflow::functor::Dimension<int=4>, tensorflow::functor::PadInputCustomKernelNCHW<float, int=4>*, tensorflow::functor::Dimension, float const *)",4,flop_count_sp,Floating Point Operations(Single Precision),0,0,0
Tesla V100-DGXS-16GB (0),volta_scudnn_128x128_relu_interior_nn_v1,105,flop_count_sp,Floating Point Operations(Single Precision),8598323200,34493956096,18339254701
Tesla V100-DGXS-16GB (0),volta_scudnn_128x128_stridedB_small_nn_v1,20,flop_count_sp,Floating Point Operations(Single Precision),38658899968,38671482880,38668966297
Tesla V100-DGXS-16GB (0),"void tensorflow::BiasNHWCKernel<float>(int, float const *, float const , tensorflow::BiasNHWCKernel<float>*, int)",6,flop_count_sp,Floating Point Operations(Single Precision),2912,134217728,44750880
Tesla V100-DGXS-16GB (0),"void cudnn::detail::bn_fw_tr_1C11_singleread<float, int=512, bool=1, int=1, int=2, int=0>(cudnnTensorStruct, float const *, cudnn::detail::bn_fw_tr_1C11_singleread<float, int=512, bool=1, int=1, int=2, int=0>, cudnnTensorStruct*, float const *, float const , float, float, float*, float const *, float const *, float const *, float, float, cudnn::reduced_divisor, int, float*, cudnn::detail::bnFwPersistentState*, int, float, float, float, int, float, float, cudnnStatus_t*, bool)",20,flop_count_sp,Floating Point Operations(Single Precision),9226000,119164928,48588571
Tesla V100-DGXS-16GB (0),_ZN5Eigen8internal15EigenMetaKernelINS_15TensorEvaluatorIKNS_14TensorAssignOpINS_9TensorMapINS_6TensorIfLi1ELi1EiEELi16ENS_11MakePointerEEEKNS_17TensorReductionOpINS0_10SumReducerIfEEKNS_9IndexListINS_10type2indexILl1EEEJEEEKNS_17TensorGeneratorOpIN10tensorflow9generator23SparseXentLossGeneratorIfxEEKNS4_INS5_IfLi2ELi1EiEELi16ES7_EEEES7_EEEENS_9GpuDeviceEEEiEEvT_T0_,2,flop_count_sp,Floating Point Operations(Single Precision),3840,3840,3840
Tesla V100-DGXS-16GB (0),"void Eigen::internal::EigenMetaKernel<Eigen::TensorEvaluator<Eigen::TensorAssignOp<Eigen::TensorMap<Eigen::Tensor<float, int=1, int=1, long>, int=16, Eigen::MakePointer>, Eigen::TensorCwiseBinaryOp<Eigen::internal::scalar_sum_op<float const , float const >, Eigen::TensorMap<Eigen::Tensor<float const , int=1, int=1, long>, int=16, Eigen::MakePointer> const , Eigen::TensorMap<Eigen::Tensor<float const , int=1, int=1, long>, int=16, Eigen::MakePointer> const > const > const , Eigen::GpuDevice>, long>(float, int=1)",148,flop_count_sp,Floating Point Operations(Single Precision),1,134217728,10881693
Tesla V100-DGXS-16GB (0),"void Eigen::internal::EigenMetaKernel<Eigen::TensorEvaluator<Eigen::TensorAssignOp<Eigen::TensorMap<Eigen::Tensor<float, int=1, int=1, int>, int=16, Eigen::MakePointer>, Eigen::TensorCwiseUnaryOp<Eigen::internal::scalar_right<float, float, Eigen::internal::scalar_sum_op<float, float>>, Eigen::TensorMap<Eigen::Tensor<float const , int=1, int=1, int>, int=16, Eigen::MakePointer> const > const > const , Eigen::GpuDevice>, int>(float, int=1)",55,flop_count_sp,Floating Point Operations(Single Precision),3136,18432000,763120
Tesla V100-DGXS-16GB (0),_ZN5Eigen8internal15EigenMetaKernelINS_15TensorEvaluatorIKNS_14TensorAssignOpINS_9TensorMapINS_6TensorIfLi1ELi1EiEELi16ENS_11MakePointerEEEKNS_17TensorReductionOpINS0_10SumReducerIfEEKNS_9IndexListINS_10type2indexILl1EEEJEEEKNS_18TensorCwiseUnaryOpINS0_13scalar_exp_opIfEEKNS4_INS5_IfLi2ELi1EiEELi16ES7_EEEES7_EEEENS_9GpuDeviceEEEiEEvT_T0_,2,flop_count_sp,Floating Point Operations(Single Precision),26336,26336,26336
Tesla V100-DGXS-16GB (0),"void cudnn::detail::wgrad_alg0_engine<float, int=128, int=6, int=8, int=3, int=3, int=5, bool=1, int=512>(int, int, int, float const *, int, cudnn::detail::wgrad_alg0_engine<float, int=128, int=6, int=8, int=3, int=3, int=5, bool=1, int=512>*, float const , kernel_grad_params, int, float, int, int, int, int)",148,flop_count_sp,Floating Point Operations(Single Precision),8598323200,38730203136,22547898146
Tesla V100-DGXS-16GB (0),"void cudnn::detail::dgrad_engine<float, int=128, int=6, int=8, int=3, int=3, int=5, bool=0>(int, int, int, float const *, int, float const , int, cudnn::detail::dgrad_engine<float, int=128, int=6, int=8, int=3, int=3, int=5, bool=0>*, kernel_grad_params, int, int, float, int, int, int)",17,flop_count_sp,Floating Point Operations(Single Precision),17213423616,17213423616,17213423616
Tesla V100-DGXS-16GB (0),"void Eigen::internal::EigenMetaKernel<Eigen::TensorEvaluator<Eigen::TensorAssignOp<Eigen::TensorMap<Eigen::Tensor<float, int=1, int=1, long>, int=16, Eigen::MakePointer>, Eigen::TensorCwiseBinaryOp<Eigen::internal::scalar_max_op<float const , float const >, Eigen::TensorMap<Eigen::Tensor<float const , int=1, int=1, long>, int=16, Eigen::MakePointer> const , Eigen::TensorCwiseNullaryOp<Eigen::internal::scalar_constant_op<float const >, Eigen::TensorMap<Eigen::Tensor<float const , int=1, int=1, long>, int=16, Eigen::MakePointer> const > const > const > const , Eigen::GpuDevice>, long>(float, int=1)",100,flop_count_sp,Floating Point Operations(Single Precision),0,0,0
Tesla V100-DGXS-16GB (0),"void cudnn::detail::implicit_convolve_sgemm<float, float, int=128, int=5, int=5, int=3, int=3, int=3, int=1, bool=1, bool=0, bool=1>(int, int, int, float const *, int, float*, cudnn::detail::implicit_convolve_sgemm<float, float, int=128, int=5, int=5, int=3, int=3, int=3, int=1, bool=1, bool=0, bool=1>*, kernel_conv_params, int, float, float, int, float, float, int, int)",12,flop_count_sp,Floating Point Operations(Single Precision),38688260096,38688260096,38688260096
Tesla V100-DGXS-16GB (0),"void Eigen::internal::EigenMetaKernel<Eigen::TensorEvaluator<Eigen::TensorAssignOp<Eigen::TensorMap<Eigen::Tensor<float, int=1, int=1, long>, int=16, Eigen::MakePointer>, Eigen::TensorCwiseBinaryOp<Eigen::internal::scalar_difference_op<float const , float const >, Eigen::TensorMap<Eigen::Tensor<float, int=1, int=1, long>, int=16, Eigen::MakePointer> const , Eigen::TensorMap<Eigen::Tensor<float const , int=1, int=1, long>, int=16, Eigen::MakePointer> const > const > const , Eigen::GpuDevice>, long>(float, int=1)",200,flop_count_sp,Floating Point Operations(Single Precision),1,2048,433
Tesla V100-DGXS-16GB (0),"void fft2d_c2r_32x32<float, bool=0, unsigned int=0, bool=0, bool=0>(float*, float2 const *, int, int, int, int, int, int, int, int, int, float, float, cudnn::reduced_divisor, bool, float*, float*)",556,flop_count_sp,Floating Point Operations(Single Precision),45334528,757596160,133341007
Tesla V100-DGXS-16GB (0),"void pooling_bw_kernel_max_nchw_fully_packed_large<float, float, int=2, cudnnNanPropagation_t=0>(cudnnTensorStruct, float const *, cudnnTensorStruct, float const *, cudnnTensorStruct, float const *, cudnnTensorStruct, float*, cudnnPoolingStruct, float, float, cudnn::reduced_divisor, cudnn::reduced_divisor, int)",2,flop_count_sp,Floating Point Operations(Single Precision),37605786,37659809,37632797
Tesla V100-DGXS-16GB (0),volta_scudnn_128x64_stridedB_small_nn_v1,16,flop_count_sp,Floating Point Operations(Single Precision),38663094272,38688260096,38681968640
Tesla V100-DGXS-16GB (0),"void cudnn::detail::explicit_convolve_sgemm<float, int, int=128, int=6, int=7, int=3, int=3, int=5, int=0, bool=0>(int, int, int, float const *, int, float const , int, cudnn::detail::explicit_convolve_sgemm<float, int, int=128, int=6, int=7, int=3, int=3, int=5, int=0, bool=0>*, kernel_conv_params, int, int, float, float, int, float const *, float const *)",4,flop_count_sp,Floating Point Operations(Single Precision),38671482880,38671482880,38671482880
Tesla V100-DGXS-16GB (0),"void Eigen::internal::EigenMetaKernel<Eigen::TensorEvaluator<Eigen::TensorAssignOp<Eigen::TensorMap<Eigen::Tensor<bool, int=1, int=1, int>, int=16, Eigen::MakePointer>, Eigen::TensorCwiseUnaryOp<Eigen::internal::scalar_right<bool, float, Eigen::internal::less_equal<float>>, Eigen::TensorMap<Eigen::Tensor<float const , int=1, int=1, int>, int=16, Eigen::MakePointer> const > const > const , Eigen::GpuDevice>, int>(bool, int=1)",2,flop_count_sp,Floating Point Operations(Single Precision),0,0,0
Tesla V100-DGXS-16GB (0),volta_cgemm_32x32_tn,2428,flop_count_sp,Floating Point Operations(Single Precision),134414336,37362860032,1952814736
Tesla V100-DGXS-16GB (0),volta_scudnn_128x64_relu_small_nn_v1,4,flop_count_sp,Floating Point Operations(Single Precision),38688260096,38688260096,38688260096
Tesla V100-DGXS-16GB (0),"void DSE::regular_fft_clip<int=1, int=2, int=256, int=16, int=16, int=1, float, float, float2>(float*, float2*, int, int3, float2*, int, float2*, float2*, int, int, int, int, int, float, float, bool, int, float, float)",36,flop_count_sp,Floating Point Operations(Single Precision),2452881408,4838690816,3248151210
Tesla V100-DGXS-16GB (0),"void fft1d_r2c_32<float, float, float2, bool=0, bool=0>(float2*, float const *, int, int3, int3, int2, int2)",400,flop_count_sp,Floating Point Operations(Single Precision),1458176,746586112,200892907
Tesla V100-DGXS-16GB (0),"void cudnn::detail::implicit_convolve_sgemm<float, float, int=1024, int=5, int=5, int=3, int=3, int=3, int=1, bool=1, bool=0, bool=1>(int, int, int, float const *, int, float*, cudnn::detail::implicit_convolve_sgemm<float, float, int=1024, int=5, int=5, int=3, int=3, int=3, int=1, bool=1, bool=0, bool=1>*, kernel_conv_params, int, float, float, int, float, float, int, int)",10,flop_count_sp,Floating Point Operations(Single Precision),17213423616,17213423616,17213423616
Tesla V100-DGXS-16GB (0),"void Eigen::internal::EigenMetaKernel<Eigen::TensorEvaluator<Eigen::TensorAssignOp<Eigen::TensorMap<Eigen::Tensor<float, int=1, int=1, int>, int=16, Eigen::MakePointer>, Eigen::TensorCwiseUnaryOp<Eigen::internal::scalar_floor_op<float>, Eigen::TensorMap<Eigen::Tensor<float const , int=1, int=1, int>, int=16, Eigen::MakePointer> const > const > const , Eigen::GpuDevice>, int>(float, int=1)",2,flop_count_sp,Floating Point Operations(Single Precision),0,0,0
Tesla V100-DGXS-16GB (0),"void tensorflow::functor::BlockReduceKernel<cub::TransformInputIterator<float, tensorflow::squareHalf<float>, float*, long>, float*, int=256, cub::Sum>(float, float, int, float*, std::iterator_traits<tensorflow::functor::BlockReduceKernel<cub::TransformInputIterator<float, tensorflow::squareHalf<float>, float*, long>, float*, int=256, cub::Sum>>::value_type)",82,flop_count_sp,Floating Point Operations(Single Precision),1464,1605856,431034
Tesla V100-DGXS-16GB (0),"void cudnn::winograd_nonfused::winogradForwardData4x4<float, float>(cudnn::winograd_nonfused::WinogradDataParams<float, float>)",120,flop_count_sp,Floating Point Operations(Single Precision),62914560,503316480,224395264
Tesla V100-DGXS-16GB (0),"void cudnn::winograd::winograd3x3Kernel<float, float, int=1, int=4, int=8, bool=0>(cudnn::maxwell::winograd::KernelParams)",80,flop_count_sp,Floating Point Operations(Single Precision),17880317952,18085838848,17997758464
Tesla V100-DGXS-16GB (0),"void cudnn::detail::pooling_bw_kernel_avg<float, float, cudnn::detail::averpooling_func<float>, int=2, bool=0>(cudnnTensorStruct, float const *, float const , cudnn::detail::pooling_bw_kernel_avg<float, float, cudnn::detail::averpooling_func<float>, int=2, bool=0>, float const , cudnn::detail::pooling_bw_kernel_avg<float, float, cudnn::detail::averpooling_func<float>, int=2, bool=0>, cudnnTensorStruct*, cudnnPoolingStruct, float, cudnnPoolingStruct, int, cudnn::reduced_divisor, float)",2,flop_count_sp,Floating Point Operations(Single Precision),285212672,285212672,285212672
Tesla V100-DGXS-16GB (0),"void fft2d_c2r_64x64<float, bool=0>(float*, float2*, int, int, int, int, int, int, int, int, int, int, float, float, int, float*, float*)",100,flop_count_sp,Floating Point Operations(Single Precision),528744448,8192065536,3629206732
Tesla V100-DGXS-16GB (0),volta_gcgemm_32x32_nt,640,flop_count_sp,Floating Point Operations(Single Precision),444252160,1.11311E+11,5875313152
Tesla V100-DGXS-16GB (0),"void fft2d_r2c_16x16<float>(float2*, float const *, int, int, int, int, int, int, int, int)",112,flop_count_sp,Floating Point Operations(Single Precision),72220672,4622123008,1436675510
Tesla V100-DGXS-16GB (0),"void Eigen::internal::EigenMetaKernel<Eigen::TensorEvaluator<Eigen::TensorAssignOp<Eigen::TensorMap<Eigen::Tensor<float, int=1, int=1, int>, int=16, Eigen::MakePointer>, Eigen::TensorCwiseUnaryOp<Eigen::internal::scalar_right<float, float, Eigen::internal::scalar_quotient_op<float, float>>, Eigen::TensorMap<Eigen::Tensor<float const , int=1, int=1, int>, int=16, Eigen::MakePointer> const > const > const , Eigen::GpuDevice>, int>(float, int=1)",4,flop_count_sp,Floating Point Operations(Single Precision),0,238320,119017
Tesla V100-DGXS-16GB (0),cudnn::gemm::computeWgradSplitKOffsetsKernel(cudnn::gemm::ComputeOffsetsParams),314,flop_count_sp,Floating Point Operations(Single Precision),0,0,0
Tesla V100-DGXS-16GB (0),"void DSE::regular_fft_clip<int=1, int=2, int=128, int=16, int=32, int=1, float, float, float2>(float*, float2*, int, int3, float2*, int, float2*, float2*, int, int, int, int, int, float, float, bool, int, float, float)",104,flop_count_sp,Floating Point Operations(Single Precision),567934976,4275191808,1935423172
Tesla V100-DGXS-16GB (0),volta_cgemm_64x32_tn,16,flop_count_sp,Floating Point Operations(Single Precision),39560675328,39560675328,39560675328
Tesla V100-DGXS-16GB (0),"void cudnn::detail::explicit_convolve_sgemm<float, int, int=128, int=5, int=5, int=3, int=3, int=3, int=0, bool=0>(int, int, int, float const *, int, float const , int, cudnn::detail::explicit_convolve_sgemm<float, int, int=128, int=5, int=5, int=3, int=3, int=3, int=0, bool=0>*, kernel_conv_params, int, int, float, float, int, float const *, float const *)",22,flop_count_sp,Floating Point Operations(Single Precision),17213423616,38688260096,28926970786
Tesla V100-DGXS-16GB (0),"void cudnn::detail::pooling_fw_4d_kernel<float, float, cudnn::detail::maxpooling_func<float, cudnnNanPropagation_t=0>, int=0, bool=0>(cudnnTensorStruct, float const *, cudnn::detail::pooling_fw_4d_kernel<float, float, cudnn::detail::maxpooling_func<float, cudnnNanPropagation_t=0>, int=0, bool=0>, cudnnTensorStruct*, cudnnPoolingStruct, float, cudnnPoolingStruct, int, cudnn::reduced_divisor, float)",8,flop_count_sp,Floating Point Operations(Single Precision),8388608,33554432,23068672
Tesla V100-DGXS-16GB (0),_ZN5Eigen8internal15EigenMetaKernelINS_15TensorEvaluatorIKNS_14TensorAssignOpINS_9TensorMapINS_6TensorIfLi1ELi1EiEELi16ENS_11MakePointerEEEKNS_17TensorReductionOpINS0_10MaxReducerIfEEKNS_9IndexListINS_10type2indexILl1EEEJEEEKNS4_INS5_IKfLi2ELi1EiEELi16ES7_EES7_EEEENS_9GpuDeviceEEEiEEvT_T0_,2,flop_count_sp,Floating Point Operations(Single Precision),0,0,0
Tesla V100-DGXS-16GB (0),"void fft2d_r2c_32x32<float, unsigned int=0, bool=0>(float2*, float const *, int, int, int, int, int, int, int, int, int, cudnn::reduced_divisor, bool)",628,flop_count_sp,Floating Point Operations(Single Precision),46235648,739770368,166978423
Tesla V100-DGXS-16GB (0),"void Eigen::internal::EigenMetaKernel<Eigen::TensorEvaluator<Eigen::TensorAssignOp<Eigen::TensorMap<Eigen::Tensor<float, int=1, int=1, int>, int=16, Eigen::MakePointer>, Eigen::TensorCwiseBinaryOp<Eigen::internal::scalar_sum_op<float, float>, Eigen::TensorMap<Eigen::Tensor<float const , int=1, int=1, int>, int=16, Eigen::MakePointer> const , Eigen::TensorMap<Eigen::Tensor<float const , int=1, int=1, long>, int=16, Eigen::MakePointer> const > const > const , Eigen::GpuDevice>, long>(float, int=1)",32,flop_count_sp,Floating Point Operations(Single Precision),16777216,134217728,57671680
Tesla V100-DGXS-16GB (0),"void cudnn::winograd::generateWinogradTilesKernel<int=0, float, float>(cudnn::winograd::GenerateWinogradTilesParams<float, float>)",80,flop_count_sp,Floating Point Operations(Single Precision),237568,15204352,3765452
Tesla V100-DGXS-16GB (0),"void tensorflow::functor::FillPhiloxRandomKernelLaunch<tensorflow::random::UniformDistribution<tensorflow::random::PhiloxRandom, float>>(tensorflow::random::PhiloxRandom, tensorflow::random::PhiloxRandomResultElementType*, __int64, tensorflow::functor::FillPhiloxRandomKernelLaunch<tensorflow::random::UniformDistribution<tensorflow::random::PhiloxRandom, float>>)",55,flop_count_sp,Floating Point Operations(Single Precision),658496,19087360,1418480
Tesla V100-DGXS-16GB (0),volta_scudnn_128x64_relu_interior_nn_v1,50,flop_count_sp,Floating Point Operations(Single Precision),8623489024,34493956096,18971675852
Tesla V100-DGXS-16GB (0),"void cudnn::detail::dgrad_engine<float, int=128, int=6, int=8, int=3, int=3, int=5, bool=1>(int, int, int, float const *, int, float const , int, cudnn::detail::dgrad_engine<float, int=128, int=6, int=8, int=3, int=3, int=5, bool=1>*, kernel_grad_params, int, int, float, int, int, int)",178,flop_count_sp,Floating Point Operations(Single Precision),4328521728,38953558016,22090201663
Tesla V100-DGXS-16GB (0),volta_gcgemm_64x32_nt,84,flop_count_sp,Floating Point Operations(Single Precision),7067926528,55482777600,18595272021
Tesla V100-DGXS-16GB (0),_ZN5Eigen8internal15EigenMetaKernelINS_15TensorEvaluatorIKNS_14TensorAssignOpINS_9TensorMapINS_6TensorIfLi1ELi1ElEELi16ENS_11MakePointerEEEKNS_19TensorCwiseBinaryOpINS0_13scalar_sum_opIffEEKNS9_INS0_17scalar_product_opIffEEKS8_KNS_20TensorBroadcastingOpIKNS_5arrayIlLm1EEEKNS_17TensorReshapingOpIKNS_5SizesIJLl1EEEEKNS4_INS_15TensorFixedSizeIKfNSK_IJEEELi1ElEELi16ES7_EEEEEEEEKNS4_INS5_ISO_Li1ELi1ElEELi16ES7_EEEEEENS_9GpuDeviceEEElEEvT_T0_,312,flop_count_sp,Floating Point Operations(Single Precision),128,36864000,538670
Tesla V100-DGXS-16GB (0),volta_scudnn_128x64_relu_medium_nn_v1,6,flop_count_sp,Floating Point Operations(Single Precision),15300820992,15300820992,15300820992
Tesla V100-DGXS-16GB (0),"void Eigen::internal::EigenMetaKernel<Eigen::TensorEvaluator<Eigen::TensorAssignOp<Eigen::TensorMap<Eigen::Tensor<float, int=2, int=1, int>, int=16, Eigen::MakePointer>, Eigen::TensorCwiseUnaryOp<Eigen::internal::scalar_exp_op<float>, Eigen::TensorMap<Eigen::Tensor<float, int=2, int=1, int>, int=16, Eigen::MakePointer> const > const > const , Eigen::GpuDevice>, int>(float, int=2)",2,flop_count_sp,Floating Point Operations(Single Precision),23296,23296,23296
Tesla V100-DGXS-16GB (0),"void tensorflow::functor::CleanupSegments<float*, float*, cub::Sum>(float*, float*, int, int, int, cub::Sum, std::iterator_traits<tensorflow::functor::CleanupSegments<float*, float*, cub::Sum>>::value_type)",72,flop_count_sp,Floating Point Operations(Single Precision),160,160,160
Tesla V100-DGXS-16GB (0),volta_cgemm_32x64_tn,160,flop_count_sp,Floating Point Operations(Single Precision),36560699392,73228353536,69711062630
Tesla V100-DGXS-16GB (0),_ZN5Eigen8internal15EigenMetaKernelINS_15TensorEvaluatorIKNS_14TensorAssignOpINS_9TensorMapINS_6TensorIfLi1ELi1ElEELi16ENS_11MakePointerEEEKNS_19TensorCwiseBinaryOpINS0_20scalar_difference_opIffEEKS8_KNS9_INS0_13scalar_sum_opIffEEKNS9_INS0_17scalar_product_opIKfSG_EEKNS4_INS5_ISG_Li1ELi1ElEELi16ES7_EEKNS_20TensorBroadcastingOpIKNS_5arrayIlLm1EEEKNS_17TensorReshapingOpIKNS_5SizesIJLl1EEEEKNS4_INS_15TensorFixedSizeISG_NSQ_IJEEELi1ElEELi16ES7_EEEEEEEEKNS9_INSF_IffEEKNS9_IS14_SC_S11_EES11_EEEEEEEENS_9GpuDeviceEEElEEvT_T0_,312,flop_count_sp,Floating Point Operations(Single Precision),320,92160000,1346677
Tesla V100-DGXS-16GB (0),"void cudnn::winograd_nonfused::winogradForwardOutput4x4<float, float>(cudnn::winograd_nonfused::WinogradOutputParams<float, float>)",120,flop_count_sp,Floating Point Operations(Single Precision),71303168,570425344,254314632
Tesla V100-DGXS-16GB (0),"void DSE::vector_fft<int=1, int=2, int=256, int=16, int=16, int=1, float, float, float2>(float2*, float2, int, int3, float2*)",36,flop_count_sp,Floating Point Operations(Single Precision),2299527168,4599054336,3066036224
Tesla V100-DGXS-16GB (0),"void Eigen::internal::EigenMetaKernel<Eigen::TensorEvaluator<Eigen::TensorAssignOp<Eigen::TensorMap<Eigen::Tensor<bool, int=1, int=1, int>, int=16, Eigen::MakePointer>, Eigen::TensorCwiseUnaryOp<Eigen::internal::scalar_right<bool, __int64, Eigen::internal::less<__int64>>, Eigen::TensorMap<Eigen::Tensor<__int64 const , int=1, int=1, int>, int=16, Eigen::MakePointer> const > const > const , Eigen::GpuDevice>, int>(bool, int=1)",2,flop_count_sp,Floating Point Operations(Single Precision),0,0,0
Tesla V100-DGXS-16GB (0),volta_sgemm_128x64_tn,4,flop_count_sp,Floating Point Operations(Single Precision),12648448,2364014592,1188331520
Tesla V100-DGXS-16GB (0),_ZN5Eigen8internal15EigenMetaKernelINS_15TensorEvaluatorIKNS_14TensorAssignOpINS_9TensorMapINS_6TensorIfLi2ELi1EiEELi16ENS_11MakePointerEEEKNS_19TensorCwiseBinaryOpINS0_20scalar_difference_opIKfSB_EEKNS4_INS5_ISB_Li2ELi1EiEELi16ES7_EEKNS_20TensorBroadcastingOpIKNS_9IndexListINS_10type2indexILl1EEEJiEEEKNS_17TensorReshapingOpIKNSH_IiJSJ_EEENS4_INS5_IfLi1ELi1EiEELi16ES7_EEEEEEEEEENS_9GpuDeviceEEEiEEvT_T0_,2,flop_count_sp,Floating Point Operations(Single Precision),2912,2912,2912
Tesla V100-DGXS-16GB (0),volta_scudnn_128x64_stridedB_interior_nn_v1,172,flop_count_sp,Floating Point Operations(Single Precision),4328521728,34393292800,17731468930
Tesla V100-DGXS-16GB (0),"void cub::DeviceReduceKernel<cub::DeviceReducePolicy<float, int, cub::Sum>::Policy600, cub::TransformInputIterator<float, tensorflow::squareHalf<float>, float*, long>, float*, int, cub::Sum>(int, cub::Sum, cub::DeviceReducePolicy<float, int, cub::Sum>::Policy600, cub::GridEvenShare<cub::Sum>, float)",32,flop_count_sp,Floating Point Operations(Single Precision),1917936,58595200,7311606
Tesla V100-DGXS-16GB (0),"void cudnn::detail::implicit_convolve_sgemm<float, float, int=512, int=6, int=8, int=3, int=3, int=5, int=1, bool=1, bool=0, bool=1>(int, int, int, float const *, int, float*, cudnn::detail::implicit_convolve_sgemm<float, float, int=512, int=6, int=8, int=3, int=3, int=5, int=1, bool=1, bool=0, bool=1>*, kernel_conv_params, int, float, float, int, float, float, int, int)",25,flop_count_sp,Floating Point Operations(Single Precision),17188257792,34376515584,19938379038
Tesla V100-DGXS-16GB (0),"void cudnn::detail::explicit_convolve_sgemm<float, int, int=128, int=6, int=7, int=3, int=3, int=5, int=0, bool=1>(int, int, int, float const *, int, float const , int, cudnn::detail::explicit_convolve_sgemm<float, int, int=128, int=6, int=7, int=3, int=3, int=5, int=0, bool=1>*, kernel_conv_params, int, int, float, float, int, float const *, float const *)",123,flop_count_sp,Floating Point Operations(Single Precision),8598323200,34426847232,19182223093
Tesla V100-DGXS-16GB (0),"void DSE::regular_fft_pad<int=0, int=1, int=256, int=16, int=16, int=1, float, float, float2>(float2*, float*, int, int3, float*, int, float*, float*, int, int, int, int, int, bool)",72,flop_count_sp,Floating Point Operations(Single Precision),2548039680,5096079360,3397386240
Tesla V100-DGXS-16GB (0),"void cudnn::detail::bn_fw_tr_1C11_kernel_new<float, float, int=512, bool=1, int=1>(cudnnTensorStruct, float const *, cudnn::detail::bn_fw_tr_1C11_kernel_new<float, float, int=512, bool=1, int=1>, cudnnTensorStruct*, float const *, float const , cudnnTensorStruct*, cudnnTensorStruct*, cudnnTensorStruct**, float const *, float const *, float const *, cudnnTensorStruct*, cudnnTensorStruct*)",78,flop_count_sp,Floating Point Operations(Single Precision),117142016,1847292416,410386363
Tesla V100-DGXS-16GB (0),"void fft2d_r2c_32x32<float, unsigned int=1, bool=0>(float2*, float const *, int, int, int, int, int, int, int, int, int, cudnn::reduced_divisor, bool)",184,flop_count_sp,Floating Point Operations(Single Precision),92471296,5918162944,3745087488
Tesla V100-DGXS-16GB (0),cudnn::gemm::computeOffsetsKernel(cudnn::gemm::ComputeOffsetsParams),422,flop_count_sp,Floating Point Operations(Single Precision),0,0,0
Tesla V100-DGXS-16GB (0),volta_scudnn_128x128_relu_small_nn_v1,28,flop_count_sp,Floating Point Operations(Single Precision),38663094272,77443629056,55284521837
Tesla V100-DGXS-16GB (0),"void cudnn::detail::bn_bw_1C11_kernel_new<float, float, float2, int=512, bool=1, int=1>(float, cudnn::detail::bn_bw_1C11_kernel_new<float, float, float2, int=512, bool=1, int=1>, cudnn::detail::bn_bw_1C11_kernel_new<float, float, float2, int=512, bool=1, int=1>, cudnn::detail::bn_bw_1C11_kernel_new<float, float, float2, int=512, bool=1, int=1>, cudnnTensorStruct, float const *, float, float const , float, cudnnTensorStruct*, cudnn::detail::bn_bw_1C11_kernel_new<float, float, float2, int=512, bool=1, int=1> const *, cudnn::detail::bn_bw_1C11_kernel_new<float, float, float2, int=512, bool=1, int=1>*, cudnn::detail::bn_bw_1C11_kernel_new<float, float, float2, int=512, bool=1, int=1> const *, cudnn::detail::bn_bw_1C11_kernel_new<float, float, float2, int=512, bool=1, int=1> const , cudnn::detail::bn_bw_1C11_kernel_new<float, float, float2, int=512, bool=1, int=1> const , cudnn::detail::bn_bw_1C11_kernel_new<float, float, float2, int=512, bool=1, int=1>)",96,flop_count_sp,Floating Point Operations(Single Precision),53123072,1612008448,308532186
Tesla V100-DGXS-16GB (0),"void sgemm_largek_lds64<bool=0, bool=0, int=5, int=5, int=4, int=4, int=4, int=32>(float*, float const *, float const *, int, int, int, int, int, int, float const *, float const *, float, float, int, int, int*, int*)",2,flop_count_sp,Floating Point Operations(Single Precision),1209729024,1209729024,1209729024
Tesla V100-DGXS-16GB (0),"void tensorflow::functor::BlockReduceKernel<float*, tensorflow::TransformOutputIterator<float, float, tensorflow::functor::DividesBy<float, float>, long>, int=256, tensorflow::functor::Sum<float>>(float*, float, int, float, std::iterator_traits<tensorflow::functor::BlockReduceKernel<float*, tensorflow::TransformOutputIterator<float, float, tensorflow::functor::DividesBy<float, float>, long>, int=256, tensorflow::functor::Sum<float>>>::value_type)",2,flop_count_sp,Floating Point Operations(Single Precision),1295,1295,1295
Tesla V100-DGXS-16GB (0),"void cudnn::detail::bn_bw_1C11_singleread<float, int=512, bool=1, int=1, int=2, int=0>(float, float, float, float, cudnnTensorStruct, float const *, cudnn::detail::bn_bw_1C11_singleread<float, int=512, bool=1, int=1, int=2, int=0>, float const , cudnn::detail::bn_bw_1C11_singleread<float, int=512, bool=1, int=1, int=2, int=0>, cudnnTensorStruct*, float const *, float*, float const *, float const , float const , float, cudnn::reduced_divisor, int, float*, cudnn::detail::bnBwPersistentState*, int, float, float, float, int, float, cudnnStatus_t*, bool)",2,flop_count_sp,Floating Point Operations(Single Precision),7751000,7751000,7751000
Tesla V100-DGXS-16GB (0),"void cudnn::detail::wgrad_alg0_engine<float, int=512, int=6, int=5, int=3, int=3, int=3, bool=0, int=512>(int, int, int, float const *, int, cudnn::detail::wgrad_alg0_engine<float, int=512, int=6, int=5, int=3, int=3, int=3, bool=0, int=512>*, float const , kernel_grad_params, int, float, int, int, int, int)",6,flop_count_sp,Floating Point Operations(Single Precision),17192714240,17192714240,17192714240
Tesla V100-DGXS-16GB (0),"void fft2d_r2c_64x64<float>(float2*, float const *, int, int, int, int, int, int, int, int)",200,flop_count_sp,Floating Point Operations(Single Precision),529268736,8468299776,3302636912
Tesla V100-DGXS-16GB (0),"void tensorflow::BiasGradNHWC_SharedAtomics<float>(int, float const *, tensorflow::BiasGradNHWC_SharedAtomics<float>*, int)",6,flop_count_sp,Floating Point Operations(Single Precision),16491,150040998,49898581
Tesla V100-DGXS-16GB (0),"void tensorflow::functor::SwapDimension0And2InTensor3Simple<float>(int, float const *, tensorflow::functor::Dimension<int=3>, tensorflow::functor::SwapDimension0And2InTensor3Simple<float>*)",316,flop_count_sp,Floating Point Operations(Single Precision),0,0,0
Tesla V100-DGXS-16GB (0),"void cudnn::detail::implicit_convolve_sgemm<float, float, int=128, int=6, int=7, int=3, int=3, int=5, int=1, bool=1, bool=0, bool=1>(int, int, int, float const *, int, float*, cudnn::detail::implicit_convolve_sgemm<float, float, int=128, int=6, int=7, int=3, int=3, int=5, int=1, bool=1, bool=0, bool=1>*, kernel_conv_params, int, float, float, int, float, float, int, int)",34,flop_count_sp,Floating Point Operations(Single Precision),8598323200,38663094272,27555837108
Tesla V100-DGXS-16GB (0),"void cudnn::detail::pooling_bw_kernel_max<float, float, cudnn::detail::maxpooling_func<float, cudnnNanPropagation_t=0>, bool=0>(cudnnTensorStruct, float const *, cudnn::detail::pooling_bw_kernel_max<float, float, cudnn::detail::maxpooling_func<float, cudnnNanPropagation_t=0>, bool=0>, float const , cudnn::detail::pooling_bw_kernel_max<float, float, cudnn::detail::maxpooling_func<float, cudnnNanPropagation_t=0>, bool=0>, float const , cudnn::detail::pooling_bw_kernel_max<float, float, cudnn::detail::maxpooling_func<float, cudnnNanPropagation_t=0>, bool=0>, cudnnTensorStruct*, cudnnPoolingStruct, float, cudnnPoolingStruct, int, cudnn::reduced_divisor, float)",4,flop_count_sp,Floating Point Operations(Single Precision),33554432,33554432,33554432
Tesla V100-DGXS-16GB (0),"void DSE::regular_fft_pad<int=0, int=1, int=128, int=16, int=32, int=1, float, float, float2>(float2*, float*, int, int3, float*, int, float*, float*, int, int, int, int, int, bool)",208,flop_count_sp,Floating Point Operations(Single Precision),566231040,4529848320,2308480393
Tesla V100-DGXS-16GB (0),"void cudnn::detail::explicit_convolve_sgemm<float, int, int=128, int=5, int=5, int=3, int=3, int=3, int=0, bool=1>(int, int, int, float const *, int, float const , int, cudnn::detail::explicit_convolve_sgemm<float, int, int=128, int=5, int=5, int=3, int=3, int=3, int=0, bool=1>*, kernel_conv_params, int, int, float, float, int, float const *, float const *)",4,flop_count_sp,Floating Point Operations(Single Precision),15166603264,15166603264,15166603264
Tesla V100-DGXS-16GB (0),"void im2col4d_kernel<float, int>(im2col4d_params, cudnnConvolutionStruct, cudnnTensor4dStruct, float const *, float*, int)",191,flop_count_sp,Floating Point Operations(Single Precision),0,0,0
Tesla V100-DGXS-16GB (0),"void cudnn::detail::implicit_convolve_sgemm<float, float, int=1024, int=6, int=7, int=3, int=3, int=5, int=1, bool=1, bool=0, bool=1>(int, int, int, float const *, int, float*, cudnn::detail::implicit_convolve_sgemm<float, float, int=1024, int=6, int=7, int=3, int=3, int=5, int=1, bool=1, bool=0, bool=1>*, kernel_conv_params, int, float, float, int, float, float, int, int)",101,flop_count_sp,Floating Point Operations(Single Precision),8594128896,38671482880,18424788444
Tesla V100-DGXS-16GB (0),"void DSE::vector_fft<int=0, int=1, int=256, int=16, int=16, int=1, float, float, float2>(float2*, float2, int, int3, float2*)",72,flop_count_sp,Floating Point Operations(Single Precision),2299527168,4599054336,3066036224
Tesla V100-DGXS-16GB (0),volta_scudnn_128x128_stridedB_interior_nn_v1,21,flop_count_sp,Floating Point Operations(Single Precision),8623489024,17246978048,14783124041
Tesla V100-DGXS-16GB (0),"compute_gemm_pointers(float2**, float2 const *, int, float2 const *, int, float2 const *, int, int)",300,flop_count_sp,Floating Point Operations(Single Precision),0,0,0
Tesla V100-DGXS-16GB (0),"void cudnn::winograd_nonfused::winogradWgradOutput4x4<float, float>(cudnn::winograd_nonfused::WinogradWgradOutputParams<float, float>)",76,flop_count_sp,Floating Point Operations(Single Precision),331776,21233664,6487093
Tesla V100-DGXS-16GB (0),"void cudnn::detail::wgrad_alg0_engine<float, int=128, int=6, int=7, int=3, int=3, int=5, bool=1, int=512>(int, int, int, float const *, int, cudnn::detail::wgrad_alg0_engine<float, int=128, int=6, int=7, int=3, int=3, int=5, bool=1, int=512>*, float const , kernel_grad_params, int, float, int, int, int, int)",28,flop_count_sp,Floating Point Operations(Single Precision),8598323200,38692454400,21495808000
Tesla V100-DGXS-16GB (0),"void cudnn::detail::wgrad_alg0_engine<float, int=128, int=6, int=8, int=3, int=3, int=5, bool=0, int=512>(int, int, int, float const *, int, cudnn::detail::wgrad_alg0_engine<float, int=128, int=6, int=8, int=3, int=3, int=5, bool=0, int=512>*, float const , kernel_grad_params, int, float, int, int, int, int)",16,flop_count_sp,Floating Point Operations(Single Precision),17196646400,17196646400,17196646400
Tesla V100-DGXS-16GB (0),"void fft1d_c2r_32<float2, float, float, bool=0, bool=1, bool=0, bool=0>(float*, float2 const *, int, int3, int3, int2, int, float, float, float*, float*)",260,flop_count_sp,Floating Point Operations(Single Precision),87293952,374341632,194454386
Tesla V100-DGXS-16GB (0),"void cgemm_largek<bool=1, bool=0, bool=0, bool=0, int=4, int=4, int=4, int=3, int=3, int=18>(float2*, float2 const *, float2 const *, int, int, int, int, int, int, float2 const *, float2 const *, float2, float2, int, int, int*, int*)",2304,flop_count_sp,Floating Point Operations(Single Precision),269352960,269352960,269352960
Tesla V100-DGXS-16GB (0),volta_sgemm_128x64_nn,34,flop_count_sp,Floating Point Operations(Single Precision),9673113600,9682550784,9677554627
Tesla V100-DGXS-16GB (0),"void scal_kernel<float, float, int=1, bool=1, int=6, int=5, int=5, int=3>(cublasTransposeParams<float>, float const *, float*, float const *)",2,flop_count_sp,Floating Point Operations(Single Precision),0,0,0
Tesla V100-DGXS-16GB (0),volta_sgemm_64x64_nn,2,flop_count_sp,Floating Point Operations(Single Precision),16416768,16416768,16416768
Tesla V100-DGXS-16GB (0),"void DSE::vector_fft<int=0, int=1, int=128, int=8, int=8, int=1, float, float, float2>(float2*, float2, int, int3, float2*)",208,flop_count_sp,Floating Point Operations(Single Precision),617676800,4941414400,2518220800
Tesla V100-DGXS-16GB (0),volta_sgemm_128x64_nt,90,flop_count_sp,Floating Point Operations(Single Precision),8519680,9682550784,9455933121
Tesla V100-DGXS-16GB (0),"void cub::DeviceReduceSingleTileKernel<cub::DeviceReducePolicy<float, int, cub::Sum>::Policy600, float*, float*, int, cub::Sum, float>(int, cub::Sum, cub::DeviceReducePolicy<float, int, cub::Sum>::Policy600, float*, float*)",32,flop_count_sp,Floating Point Operations(Single Precision),1285,4232,1546
Tesla V100-DGXS-16GB (0),volta_scudnn_128x128_stridedB_splitK_xregs_large_nn_v1,32,flop_count_sp,Floating Point Operations(Single Precision),68732059648,85930803200,81631117312
Tesla V100-DGXS-16GB (0),"void cudnn::winograd_nonfused::winogradForwardFilter4x4<float, float>(cudnn::winograd_nonfused::WinogradFilterParams<float, float>)",120,flop_count_sp,Floating Point Operations(Single Precision),331776,21233664,6834585
Tesla V100-DGXS-16GB (0),"void Eigen::internal::EigenMetaKernel<Eigen::TensorEvaluator<Eigen::TensorAssignOp<Eigen::TensorMap<Eigen::Tensor<float, int=2, int=1, int>, int=16, Eigen::MakePointer>, Eigen::TensorCwiseBinaryOp<Eigen::internal::scalar_product_op<float, float>, Eigen::TensorBroadcastingOp<Eigen::array<long, unsigned long=2> const , Eigen::TensorMap<Eigen::Tensor<float const , int=2, int=1, int>, int=16, Eigen::MakePointer> const > const , Eigen::TensorBroadcastingOp<Eigen::array<long, unsigned long=2> const , Eigen::TensorMap<Eigen::Tensor<float const , int=2, int=1, int>, int=16, Eigen::MakePointer> const > const > const > const , Eigen::GpuDevice>, int>(float, int=2)",2,flop_count_sp,Floating Point Operations(Single Precision),2912,2912,2912
Tesla V100-DGXS-16GB (0),"void cudnn::detail::explicit_convolve_sgemm<float, int, int=1024, int=6, int=7, int=3, int=3, int=5, int=0, bool=1>(int, int, int, float const *, int, float const , int, cudnn::detail::explicit_convolve_sgemm<float, int, int=1024, int=6, int=7, int=3, int=3, int=5, int=0, bool=1>*, kernel_conv_params, int, int, float, float, int, float const *, float const *)",32,flop_count_sp,Floating Point Operations(Single Precision),8594128896,38663094272,25776095232
Tesla V100-DGXS-16GB (0),"void Eigen::internal::EigenMetaKernel<Eigen::TensorEvaluator<Eigen::TensorAssignOp<Eigen::TensorMap<Eigen::Tensor<float, int=1, int=1, long>, int=16, Eigen::MakePointer>, Eigen::TensorConversionOp<float, Eigen::TensorMap<Eigen::Tensor<__int64 const , int=1, int=1, long>, int=16, Eigen::MakePointer> const > const > const , Eigen::GpuDevice>, long>(float, int=1)",2,flop_count_sp,Floating Point Operations(Single Precision),0,0,0
Tesla V100-DGXS-16GB (0),"void fft2d_c2r_16x16<float, bool=0>(float*, float2*, int, int, int, int, int, int, int, int, int, int, float, float, int, float*, float*)",56,flop_count_sp,Floating Point Operations(Single Precision),76677120,4639948800,1595473920
Tesla V100-DGXS-16GB (0),volta_scudnn_128x64_stridedB_splitK_interior_nn_v1,32,flop_count_sp,Floating Point Operations(Single Precision),8593080320,17192452096,15039463424
Tesla V100-DGXS-16GB (0),"void Eigen::internal::EigenMetaKernel<Eigen::TensorEvaluator<Eigen::TensorAssignOp<Eigen::TensorMap<Eigen::Tensor<float, int=1, int=1, long>, int=16, Eigen::MakePointer>, Eigen::TensorCwiseBinaryOp<Eigen::internal::scalar_sum_op<float, float>, Eigen::TensorMap<Eigen::Tensor<float, int=1, int=1, long>, int=16, Eigen::MakePointer> const , Eigen::TensorCwiseBinaryOp<Eigen::internal::scalar_sum_op<float, float>, Eigen::TensorCwiseBinaryOp<Eigen::internal::scalar_sum_op<float, float>, Eigen::TensorCwiseBinaryOp<Eigen::internal::scalar_sum_op<float, float>, Eigen::TensorCwiseBinaryOp<Eigen::internal::scalar_sum_op<float, float>, Eigen::TensorCwiseBinaryOp<Eigen::internal::scalar_sum_op<float, float>, Eigen::TensorCwiseBinaryOp<Eigen::internal::scalar_sum_op<float, float>, Eigen::TensorCwiseBinaryOp<Eigen::internal::scalar_sum_op<float const , float const >, Eigen::TensorMap<Eigen::Tensor<float const , int=1, int=1, long>, int=16, Eigen::MakePointer> const , Eigen::TensorMap<Eigen::Tensor<float const , int=1, int=1, long>, int=16, Eigen::MakePointer> const > const , Eigen::TensorMap<Eigen::Tensor<float const , int=1, int=1, long>, int=16, Eigen::MakePointer> const > const , Eigen::TensorMap<Eigen::Tensor<float const , int=1, int=1, long>, int=16, Eigen::MakePointer> const > const , Eigen::TensorMap<Eigen::Tensor<float const , int=1, int=1, long>, int=16, Eigen::MakePointer> const > const , Eigen::TensorMap<Eigen::Tensor<float const , int=1, int=1, long>, int=16, Eigen::MakePointer> const > const , Eigen::TensorMap<Eigen::Tensor<float const , int=1, int=1, long>, int=16, Eigen::MakePointer> const > const , Eigen::TensorMap<Eigen::Tensor<float const , int=1, int=1, long>, int=16, Eigen::MakePointer> const > const > const > const , Eigen::GpuDevice>, long>(float, int=1)",14,flop_count_sp,Floating Point Operations(Single Precision),8,8,8
Tesla V100-DGXS-16GB (0),"void transpose_readWrite_alignment_kernel<float2, float2, int=1, bool=0, int=6, int=4, int=4>(cublasTransposeParams<float2>, float2 const *, float2*, float2 const *)",360,flop_count_sp,Floating Point Operations(Single Precision),51904512,830472192,394491767
Tesla V100-DGXS-16GB (0),"void fft2d_c2r_32x32<float, bool=0, unsigned int=1, bool=0, bool=0>(float*, float2 const *, int, int, int, int, int, int, int, int, int, float, float, cudnn::reduced_divisor, bool, float*, float*)",64,flop_count_sp,Floating Point Operations(Single Precision),366215168,5735448576,3874291712
Tesla V100-DGXS-16GB (0),"void Eigen::internal::EigenMetaKernel<Eigen::TensorEvaluator<Eigen::TensorAssignOp<Eigen::TensorMap<Eigen::Tensor<float, int=2, int=1, int>, int=16, Eigen::MakePointer>, Eigen::TensorGeneratorOp<tensorflow::generator::SparseXentGradGenerator<float, __int64>, Eigen::TensorMap<Eigen::Tensor<float, int=2, int=1, int>, int=16, Eigen::MakePointer> const > const > const , Eigen::GpuDevice>, int>(float, int=2)",2,flop_count_sp,Floating Point Operations(Single Precision),46592,46592,46592
Tesla V100-DGXS-16GB (0),"void scal_kernel<float2, float2, int=1, bool=1, int=6, int=4, int=4, int=4>(cublasTransposeParams<float2>, float2 const *, float2*, float2 const *)",2304,flop_count_sp,Floating Point Operations(Single Precision),0,0,0
Tesla V100-DGXS-16GB (0),"void Eigen::internal::EigenMetaKernel<Eigen::TensorEvaluator<Eigen::TensorAssignOp<Eigen::TensorMap<Eigen::Tensor<float, int=1, int=1, long>, int=16, Eigen::MakePointer>, Eigen::TensorCwiseBinaryOp<Eigen::internal::scalar_product_op<float const , float const >, Eigen::TensorMap<Eigen::Tensor<float const , int=1, int=1, long>, int=16, Eigen::MakePointer> const , Eigen::TensorConversionOp<float, Eigen::TensorCwiseBinaryOp<Eigen::internal::scalar_cmp_op<float const , float const , Eigen::internal::ComparisonName>, Eigen::TensorMap<Eigen::Tensor<float const , int=1, int=1, long>, int=16, Eigen::MakePointer> const , Eigen::TensorCwiseNullaryOp<Eigen::internal::scalar_constant_op<float const >, Eigen::TensorMap<Eigen::Tensor<float const , int=1, int=1, long>, int=16, Eigen::MakePointer> const > const > const > const > const > const , Eigen::GpuDevice>, long>(float, int=1)",100,flop_count_sp,Floating Point Operations(Single Precision),0,0,0